villager_id,name,species,gender,personality,hobby,birthday,favorite_song,style_1,style_2,color_1,color_2
B3RyfNEqwGmcccRC3,Admiral,Bird,Male,Cranky,Nature,27-Jan,Steep Hill,Cool,Cool,Black,Blue
SGMdki6dzpDZyXAw5,Agent S,Squirrel,Female,Peppy,Fitness,2-Jul,Go K.K. Rider,Active,Simple,Blue,Black
jzWCiDPm9MqtCfecP,Agnes,Pig,Female,Big Sister,Play,21-Apr,K.K. House,Simple,Elegant,Pink,White
LBifxETQJGEaLhBjC,Al,Gorilla,Male,Lazy,Fitness,18-Oct,Go K.K. Rider,Active,Active,Red,White
REpd8KxB8p9aGBRSE,Alfonso,Alligator,Male,Lazy,Play,9-Jun,Forest Life,Simple,Simple,Red,Blue
wkPJDHMMMTK24eqzC,Alice,Koala,Female,Normal,Education,19-Aug,Aloha K.K.,Cute,Cute,Red,Pink
dcB3BpFLtcXHAbt5i,Alli,Alligator,Female,Snooty,Fashion,8-Nov,K.K. Soul,Gorgeous,Elegant,Yellow,Brown
gWpcHhfpuN4MSTdhF,Amelia,Eagle,Female,Snooty,Music,19-Nov,K.K. Condor,Cool,Elegant,Black,White
gvdKbp6t9xMtx5swT,Anabelle,Anteater,Female,Peppy,Fashion,16-Feb,Aloha K.K.,Cute,Simple,Green,Blue
T9ya79MPxRxcR4tae,Anchovy,Bird,Male,Lazy,Play,4-Mar,K.K. Ragtime,Simple,Simple,Colorful,Orange
jHQfWetzGf6Zhgt4u,Angus,Bull,Male,Cranky,Fitness,30-Apr,K.K. Calypso,Cool,Cool,Red,Black
oGr6N9vC3TD9raXbf,Anicotti,Mouse,Female,Peppy,Fashion,24-Feb,Neapolitan,Simple,Elegant,Red,Pink
AWdRRws22EGTxC7vc,Ankha,Cat,Female,Snooty,Nature,22-Sep,K.K. Bazaar,Gorgeous,Simple,Colorful,Brown
XTwyzscZPAA8LRdYN,Annalisa,Anteater,Female,Normal,Nature,6-Feb,King K.K.,Elegant,Gorgeous,Red,Pink
88YKJKvjin32GeG4H,Annalise,Horse,Female,Snooty,Fashion,2-Dec,Aloha K.K.,Elegant,Active,Blue,Purple
RQNii4nDE2AWswpgE,Antonio,Anteater,Male,Jock,Fitness,20-Oct,K.K. Ragtime,Simple,Simple,Light blue,Blue
25sZq7NjGGADiEXtR,Apollo,Eagle,Male,Cranky,Music,4-Jul,K.K. Rock,Cool,Simple,Black,Black
bEHwPJ3GBDZaNE4Bd,Apple,Hamster,Female,Peppy,Play,24-Sep,I Love You,Cute,Simple,Colorful,Red
qrki2afmbkBQ6DbmZ,Astrid,Kangaroo,Female,Snooty,Music,8-Sep,K.K. Gumbo,Cool,Active,Black,Colorful
2tufzN7iwjncqLu7Y,Audie,Wolf,Female,Peppy,Fitness,31-Aug,K.K. Island,Cute,Active,Green,White
CXt3MBoeCZXXSRS7B,Aurora,Penguin,Female,Normal,Education,27-Jan,Stale Cupcakes,Cute,Elegant,Pink,Red
93emjZzaaLb7BdkSn,Ava,Chicken,Female,Normal,Music,28-Apr,K.K. Love Song,Elegant,Cute,Red,Gray
SKF5NqPPqzjL7dEng,Avery,Eagle,Male,Cranky,Music,22-Feb,K.K. Condor,Simple,Gorgeous,Orange,Brown
K3aj3w7fLcMETyuzf,Axel,Elephant,Male,Jock,Fitness,23-Mar,K.K. Dixie,Active,Simple,Green,White
LAWZdKWcejrkbikco,Baabara,Sheep,Female,Snooty,Fashion,28-Mar,K.K. Cruisin',Gorgeous,Elegant,Purple,Blue
2yvPukPn4ZSamngmb,Bam,Deer,Male,Jock,Play,7-Nov,K.K. Blues,Active,Simple,Green,Brown
DvL5iP2kNCNfwc6Mv,Bangle,Tiger,Female,Peppy,Fashion,27-Aug,K.K. Soul,Gorgeous,Cute,Yellow,Green
6qZJQFWqeCHzPNyEZ,Barold,Cub,Male,Lazy,Play,2-Mar,K.K. Song,Simple,Cool,Yellow,Black
DkqHjENW8fRBE9uxG,Bea,Dog,Female,Normal,Nature,15-Oct,Drivin',Simple,Cool,Light blue,Green
3XoqTm3LW4C4BvLBt,Beardo,Bear,Male,Smug,Education,27-Sep,K.K. Milonga,Elegant,Elegant,Brown,Blue
zbkkW8wWbmyGAZauv,Beau,Deer,Male,Lazy,Nature,5-Apr,Mountain Song,Simple,Cute,Beige,Orange
D7Atj8BuHK6mgwwvZ,Becky,Chicken,Female,Snooty,Music,9-Dec,K.K. Chorale,Gorgeous,Elegant,Purple,Pink
hu4qewj6YKKmzMpYL,Bella,Mouse,Female,Peppy,Music,28-Dec,K.K. Metal,Cool,Active,Black,Purple
BjcoELiTM3m8StExF,Benedict,Chicken,Male,Lazy,Play,10-Oct,I Love You,Simple,Simple,Blue,Purple
wgb64Mp6XbFS2CPwj,Benjamin,Dog,Male,Lazy,Nature,3-Aug,Mr. K.K.,Simple,Simple,Red,White
oMQnY9fuzdtPweuLi,Bertha,Hippo,Female,Normal,Education,25-Apr,Two Days Ago,Cute,Elegant,Pink,White
r9JpujcMdgTRABad9,Bettina,Mouse,Female,Normal,Education,12-Jun,Animal City,Simple,Elegant,White,Red
KGECko2WSNbQp4oRY,Bianca,Tiger,Female,Peppy,Play,13-Dec,K.K. House,Cute,Cute,Pink,Orange
sT2KXbN2N3dqB6aaN,Biff,Hippo,Male,Jock,Fitness,29-Mar,The K. Funk,Gorgeous,Active,Black,Blue
o2NPbZGfMvTD7Se5i,Big Top,Elephant,Male,Lazy,Play,3-Oct,Go K.K. Rider,Simple,Active,Green,Green
hcnPuswvHJykZw7BX,Bill,Duck,Male,Jock,Play,1-Feb,Imperial K.K.,Active,Active,Blue,Purple
dqEHTSBSx5iLhGiSC,Billy,Goat,Male,Jock,Play,25-Mar,K.K. Song,Simple,Active,Blue,Purple
nfeef6XSSstGwrbWo,Biskit,Dog,Male,Lazy,Play,13-May,K.K. Mambo,Gorgeous,Simple,Purple,Colorful
JGyY83aN4ocBGZs8s,Bitty,Hippo,Female,Snooty,Education,6-Oct,K.K. Disco,Cute,Elegant,Pink,Orange
SjArzqyvbHAbgRz8D,Blaire,Squirrel,Female,Snooty,Fashion,3-Jul,K.K. Bossa,Gorgeous,Elegant,Orange,Brown
2B4NDzz69JKjjqF9o,Blanche,Ostrich,Female,Snooty,Nature,21-Dec,K.K. Jongara,Elegant,Gorgeous,Black,Brown
ytYM52sRa4vhWW9cF,Bluebear,Cub,Female,Peppy,Fashion,24-Jun,Only Me,Cute,Simple,White,Blue
KijzbrvT4obqCnBTw,Bob,Cat,Male,Lazy,Play,1-Jan,Neapolitan,Simple,Cute,Colorful,Red
yEQijXt6x8kQxdTrD,Bonbon,Rabbit,Female,Peppy,Play,3-Mar,Bubblegum K.K.,Cute,Elegant,Light blue,Yellow
Y3F5fcfjvypECTqSm,Bones,Dog,Male,Lazy,Play,4-Aug,K.K. Étude,Simple,Cute,Beige,Brown
jqR8knKhx3kGYTSSd,Boomer,Penguin,Male,Lazy,Fitness,7-Feb,Farewell,Simple,Cool,Brown,Beige
ZgTh9dkb3k36EPZ4o,Boone,Gorilla,Male,Jock,Fitness,12-Sep,Mountain Song,Elegant,Cool,Colorful,Red
xEt4yY9KCa4KoERfM,Boots,Alligator,Male,Jock,Play,7-Aug,Wandering,Gorgeous,Active,Colorful,Purple
KRpDTZHnRjL2jn4H6,Boris,Pig,Male,Cranky,Nature,6-Nov,K.K. Oasis,Cool,Gorgeous,Purple,Black
qmod2zJ2CrQtqzrxw,Boyd,Gorilla,Male,Cranky,Fitness,1-Oct,K.K. Groove,Simple,Cool,Red,Black
6khpEinhKwWjzZh9S,Bree,Mouse,Female,Snooty,Fashion,7-Jul,K.K. Bossa,Elegant,Gorgeous,Black,Blue
yH5PZX3bdHRRxhCCX,Broccolo,Mouse,Male,Lazy,Play,30-Jun,I Love You,Simple,Cute,Colorful,Yellow
XSjgXrChHy9Trd5Pa,Broffina,Chicken,Female,Snooty,Music,24-Oct,K.K. Flamenco,Gorgeous,Elegant,Black,Red
dzo5NgALeJ73j3sNd,Bruce,Deer,Male,Cranky,Nature,26-May,K.K. Blues,Cool,Simple,Black,Red
K4k5ieRWQieA6Fqm8,Bubbles,Hippo,Female,Peppy,Fashion,18-Sep,K.K. Stroll,Active,Cute,Purple,Pink
Xi74RYjLgeBB8vopx,Buck,Horse,Male,Jock,Fitness,4-Apr,My Place,Active,Simple,Gray,Brown
WhJYGJgSfLF4ySXhh,Bud,Lion,Male,Jock,Fitness,8-Aug,Aloha K.K.,Active,Simple,Green,Yellow
XNBZBNmNXxC5bxz4t,Bunnie,Rabbit,Female,Peppy,Fashion,9-May,Forest Life,Cute,Cute,Green,Pink
NPbD69TfvJAorLZ9a,Butch,Dog,Male,Cranky,Music,1-Nov,K.K. Western,Cool,Simple,Blue,Gray
LWLRkHDisDgGdJ5ju,Buzz,Eagle,Male,Cranky,Nature,7-Dec,Drivin',Simple,Active,Yellow,Red
DvkaYEh9vM2SXJLCc,Cally,Squirrel,Female,Normal,Nature,4-Sep,K.K. Stroll,Cute,Elegant,Red,Green
5akmmJeoXXhcpdf8e,Camofrog,Frog,Male,Cranky,Music,5-Jun,K.K. Safari,Cool,Active,Blue,White
ugiHobiK9QnmA22ym,Canberra,Koala,Female,Big Sister,Play,14-May,K.K. Island,Active,Cool,Green,Light blue
4CimNs6T9nDNQuiYH,Candi,Mouse,Female,Peppy,Play,13-Apr,Neapolitan,Simple,Cute,Light blue,Yellow
pAFu4JyZ333Ysoezk,Carmen,Rabbit,Female,Peppy,Fashion,6-Jan,K.K. Stroll,Elegant,Cute,Green,Beige
Th3uHvMcYaf9eT2Df,Caroline,Squirrel,Female,Normal,Music,15-Jul,Pondering,Cute,Gorgeous,Colorful,White
igeZhX3Fqa8LdKEra,Carrie,Kangaroo,Female,Normal,Nature,5-Dec,I Love You,Cute,Cute,Red,Colorful
dnRDXd86NcXDNHyf4,Cashmere,Sheep,Female,Snooty,Fashion,2-Apr,Farewell,Gorgeous,Elegant,Purple,Beige
L8cCZBvY4JW4KsDGy,Celia,Eagle,Female,Normal,Nature,25-Mar,K.K. Soul,Elegant,Cute,Pink,Green
pDKMq8PfxWLXWrsvT,Cesar,Gorilla,Male,Cranky,Fitness,6-Sep,K.K. Cruisin',Cool,Elegant,Blue,Light blue
4BLXuRhdjJ9TzvRyA,Chadder,Mouse,Male,Smug,Fitness,15-Dec,K.K. Soul,Elegant,Gorgeous,Black,Gray
QqCXo64EBwXSrukSr,Charlise,Bear,Female,Big Sister,Fitness,17-Apr,Mr. K.K.,Active,Cute,Red,Orange
MpumYkzF382cPoRt5,Cheri,Cub,Female,Peppy,Fashion,17-Mar,K.K. Disco,Simple,Cute,Yellow,Light blue
tafi3Cfsf4wbwC9LW,Cherry,Dog,Female,Big Sister,Music,11-May,K.K. D&B,Cool,Elegant,Black,Purple
46bDn76rBA3hNjFZu,Chester,Cub,Male,Lazy,Play,6-Aug,Imperial K.K.,Simple,Simple,Yellow,Green
XutRmNyAP4NogwPaR,Chevre,Goat,Female,Normal,Education,6-Mar,K.K. Chorale,Cute,Elegant,Red,Pink
d3STnZCPAxLzrEzMd,Chief,Wolf,Male,Cranky,Music,19-Dec,Rockin' K.K.,Cool,Simple,White,Gray
8t9Bc5vqJ2vbtcjf5,Chops,Pig,Male,Smug,Education,13-Oct,K.K. Moody,Gorgeous,Elegant,Red,Green
M3LhuYKZCmR5K9ckA,Chow,Bear,Male,Cranky,Fitness,22-Jul,Imperial K.K.,Cool,Gorgeous,Black,White
pYMsB8AHagkRht8RX,Chrissy,Rabbit,Female,Peppy,Fashion,28-Aug,Bubblegum K.K.,Cute,Cute,Pink,White
PPFtt3uWkRQNMg2tZ,Claude,Rabbit,Male,Lazy,Nature,3-Dec,Pondering,Simple,Simple,Black,Colorful
xCyuFvwryTntgPgvW,Claudia,Tiger,Female,Snooty,Music,22-Nov,K.K. Synth,Gorgeous,Elegant,Purple,White
K9s2bvx54sfHw8mZ8,Clay,Hamster,Male,Lazy,Nature,19-Oct,K.K. Safari,Elegant,Simple,Beige,Brown
XwxskQMt5rJT8EnH5,Cleo,Horse,Female,Snooty,Education,9-Feb,K.K. Fusion,Cute,Elegant,Light blue,White
2iBqzRfTRaddw2EXi,Clyde,Horse,Male,Lazy,Play,1-May,Neapolitan,Simple,Cute,Green,White
mYwCLsd8MxLwWALjQ,Coach,Bull,Male,Jock,Fitness,29-Apr,Mr. K.K.,Active,Active,Blue,Red
mTNPvAaoYMmPndYnm,Cobb,Pig,Male,Jock,Education,7-Oct,Pondering,Simple,Active,White,Blue
2g7sGcTtHcJeWtwNM,Coco,Rabbit,Female,Normal,Education,1-Mar,K.K. Jongara,Simple,Cute,Beige,Green
YaWjP3XtbFqn8YPNd,Cole,Rabbit,Male,Lazy,Nature,10-Aug,K.K. Faire,Simple,Cute,Orange,Colorful
GgsrLhmh3FL4ZiAPB,Colton,Horse,Male,Smug,Nature,22-May,K.K. Chorale,Gorgeous,Elegant,Blue,Red
YvNrsTEJsqkpdRNqL,Cookie,Dog,Female,Peppy,Fashion,18-Jun,Bubblegum K.K.,Cute,Cute,Green,Light blue
XPhZym7Wxu926eLD8,Cousteau,Frog,Male,Jock,Fitness,17-Dec,Imperial K.K.,Elegant,Gorgeous,Green,Red
Wbivs7b7D3NZ7q9y9,Cranston,Ostrich,Male,Lazy,Nature,23-Sep,K.K. Faire,Simple,Cool,Beige,Brown
SqHZjtuNfu7DAXYDE,Croque,Frog,Male,Cranky,Nature,18-Jul,K.K. Folk,Elegant,Cool,Red,Orange
YskkqbSnYwCh63Sru,Cube,Penguin,Male,Lazy,Play,29-Jan,Farewell,Simple,Cute,Yellow,Colorful
B6tM7dBSpcaMrAGrF,Curlos,Sheep,Male,Smug,Nature,8-May,K.K. Salsa,Active,Gorgeous,Red,Green
kRGwwKyoSLKh9g2Tk,Curly,Pig,Male,Jock,Fitness,26-Jul,K.K. Reggae,Simple,Active,Yellow,Colorful
w7y7v3w49B7KkDXbg,Curt,Bear,Male,Cranky,Nature,1-Jul,Comrade K.K.,Cool,Cool,Blue,White
edCh8EDStBMbyskYa,Cyd,Elephant,Male,Cranky,Music,9-Jun,K.K. Metal,Cool,Active,Black,Yellow
JaNDeYdAuiJCYZbAx,Cyrano,Anteater,Male,Cranky,Education,9-Mar,K.K. Lament,Cool,Active,Yellow,Beige
2u92atfG2uMg2J8sS,Daisy,Dog,Female,Normal,Education,16-Nov,Forest Life,Simple,Cute,Colorful,Blue
dXBazBPxXu9QGrAzM,Deena,Duck,Female,Normal,Education,27-Jun,Mr. K.K.,Simple,Cute,Colorful,Blue
ibnMhhdYMGHYr9RAZ,Deirdre,Deer,Female,Big Sister,Play,4-May,K.K. Bossa,Simple,Simple,Orange,Orange
Eqn3ZXJtMBrEYtm7u,Del,Alligator,Male,Cranky,Fitness,27-May,Pondering,Cool,Simple,Blue,White
zh7aML2hmMKy5bbiR,Deli,Monkey,Male,Lazy,Nature,24-May,K.K. Étude,Gorgeous,Elegant,Purple,Brown
nBcDHyXheHurcisiL,Derwin,Duck,Male,Lazy,Play,25-May,K.K. Stroll,Simple,Elegant,Yellow,Beige
QGyW9QJjjxo3jta6j,Diana,Deer,Female,Snooty,Education,4-Jan,Farewell,Elegant,Gorgeous,Purple,Pink
FmQ9x68HncTm8vdsG,Diva,Frog,Female,Big Sister,Fitness,2-Oct,K.K. Oasis,Gorgeous,Elegant,Purple,Light blue
vthzJrsaM6Y7dykA5,Dizzy,Elephant,Male,Lazy,Play,14-Jul,Two Days Ago,Simple,Simple,Yellow,Blue
YjMXvmH5eovNYShdE,Dobie,Wolf,Male,Cranky,Nature,17-Feb,Agent K.K.,Simple,Cool,Brown,Beige
iasth9JRLdRvLzuQ7,Doc,Rabbit,Male,Lazy,Education,16-Mar,Pondering,Simple,Elegant,Gray,Beige
T6YJZ7vj2X52zmDcp,Dom,Sheep,Male,Jock,Play,18-Mar,K.K. Country,Active,Cute,Red,Colorful
9Qpj5fqp4E8PvGGFw,Dora,Mouse,Female,Normal,Education,18-Feb,K.K. Faire,Simple,Elegant,Blue,Light blue
CRMJaAokcTnrXsQdp,Dotty,Rabbit,Female,Peppy,Fashion,14-Mar,Drivin',Simple,Cute,Blue,Black
qjqzytG4LCEoong4w,Drago,Alligator,Male,Lazy,Nature,12-Feb,Imperial K.K.,Elegant,Gorgeous,Orange,Red
CKAsCWnKjfQYG8R7v,Drake,Duck,Male,Lazy,Play,25-Jun,K.K. Blues,Cool,Simple,Brown,Red
gf6jM4si5zSEFjf9w,Drift,Frog,Male,Jock,Fitness,9-Oct,K.K. Metal,Simple,Active,Orange,Red
JmHu7aFcqj9hxKupZ,Ed,Horse,Male,Smug,Nature,16-Sep,K.K. Ballad,Gorgeous,Elegant,Black,Gray
jRwtNxCCWuznSMCZy,Egbert,Chicken,Male,Lazy,Play,14-Oct,Lucky K.K.,Simple,Simple,Beige,Brown
taRZ4jRFMGPkxCZo4,Elise,Monkey,Female,Snooty,Fashion,21-Mar,K.K. Bossa,Elegant,Gorgeous,Purple,Red
odt2kdswLHE2YMkQd,Ellie,Elephant,Female,Normal,Nature,12-May,K.K. Ballad,Simple,Cute,Gray,Pink
LcRhQqeH8u7PboJ73,Elmer,Horse,Male,Lazy,Play,5-Oct,K.K. Country,Simple,Cool,Blue,White
6QughAEZFkYZ5vKpw,Eloise,Elephant,Female,Snooty,Fashion,8-Dec,K.K. Soul,Elegant,Simple,Green,Orange
4jYpCpw9nooMZHR8s,Elvis,Lion,Male,Cranky,Education,23-Jul,K.K. Casbah,Gorgeous,Elegant,Red,Black
BJcXu5LtRBo8DdZ2v,Erik,Deer,Male,Lazy,Nature,27-Jul,Drivin',Simple,Simple,Beige,Red
2XX9mSSzxEhwXMi4f,Eugene,Koala,Male,Smug,Music,26-Oct,Agent K.K.,Cool,Gorgeous,Black,Gray
dbAfEFetNQpXajtch,Eunice,Sheep,Female,Normal,Fashion,3-Apr,K.K. Disco,Simple,Elegant,Beige,Orange
PFvvq6NGpsRgCwg2z,Fang,Wolf,Male,Cranky,Education,18-Dec,K.K. Steppe,Simple,Cool,White,Light blue
kB5jGQAqkLnh8LxWy,Fauna,Deer,Female,Normal,Nature,26-Mar,K.K. Stroll,Simple,Cute,Beige,White
ygF99DNm88JRXvKLi,Felicity,Cat,Female,Peppy,Fashion,30-Mar,K.K. Stroll,Cute,Cute,Yellow,Orange
ffo6sBoX9fkMB4bem,Filbert,Squirrel,Male,Lazy,Nature,3-Jun,Stale Cupcakes,Simple,Cute,Blue,White
ADkNZkrRxdSrfGFH8,Flip,Monkey,Male,Jock,Music,21-Nov,K.K. Rally,Active,Simple,Blue,Yellow
6cB5T5yZtevY6d2jp,Flo,Penguin,Female,Big Sister,Music,2-Sep,Space K.K.,Cool,Gorgeous,Red,Purple
eDX52Zi7H7qifrwYm,Flora,Ostrich,Female,Peppy,Play,9-Feb,K.K. Condor,Cute,Active,Colorful,Pink
B4cpBYrewfSK3WN6M,Flurry,Hamster,Female,Normal,Nature,30-Jan,Hypno K.K.,Elegant,Cute,Red,Pink
eJZX7wDRYqatmKBKr,Francine,Rabbit,Female,Snooty,Fashion,22-Jan,K.K. Cruisin',Elegant,Gorgeous,Blue,Black
8BgXtjz2mfGBrZwCm,Frank,Eagle,Male,Cranky,Education,30-Jul,K.K. Casbah,Gorgeous,Cool,Brown,Yellow
AcYKxih6FpRRyZDs4,Freckles,Duck,Female,Peppy,Fashion,19-Feb,Marine Song 2001,Simple,Cute,Green,Colorful
qyoMuqvPA4Wqp3Ybn,Freya,Wolf,Female,Snooty,Fashion,14-Dec,Lucky K.K.,Elegant,Cool,Green,Blue
uk9DGWqzxRT4TEJbm,Friga,Penguin,Female,Snooty,Fashion,16-Oct,Farewell,Elegant,Gorgeous,Pink,Black
79EahCMHHzp3BwH7x,Frita,Sheep,Female,Big Sister,Music,16-Jul,K.K. Rockabilly,Active,Cute,Yellow,Red
YXidGR87Fi7mov7Po,Frobert,Frog,Male,Jock,Fitness,8-Feb,K.K. Ragtime,Active,Simple,Blue,Colorful
Z98WrodjQxXZAACLA,Fuchsia,Deer,Female,Big Sister,Music,19-Sep,K.K. Rock,Cool,Cool,Pink,Pink
WC97mFMgiZixDfcRZ,Gabi,Rabbit,Female,Peppy,Fashion,16-Dec,Neapolitan,Cute,Gorgeous,Brown,Red
84NHBxaLCDPy48Xpx,Gala,Pig,Female,Normal,Education,5-Mar,Animal City,Cute,Elegant,Pink,White
5TXosg4PLkG4jZ3AD,Gaston,Rabbit,Male,Cranky,Education,28-Oct,K.K. Song,Simple,Gorgeous,Brown,Orange
HY5swi9u3np5LyR8Q,Gayle,Alligator,Female,Normal,Nature,17-May,Bubblegum K.K.,Cute,Cute,Pink,White
zFPwakzpAr8fmL4FM,Genji,Rabbit,Male,Jock,Fitness,21-Jan,King K.K.,Elegant,Simple,Green,Purple
QX93pNfztrLZvLxdC,Gigi,Frog,Female,Snooty,Fashion,11-Aug,K.K. Swing,Gorgeous,Elegant,Black,White
ZSLn6jgRc5W4oZA4f,Gladys,Ostrich,Female,Normal,Education,15-Jan,K.K. Folk,Elegant,Cute,Green,Pink
7iiegnbmMRDeDaC3t,Gloria,Duck,Female,Snooty,Fashion,12-Aug,Animal City,Gorgeous,Elegant,Black,Gray
RdpZtkYzLeivKyx7Z,Goldie,Dog,Female,Normal,Nature,27-Dec,K.K. Bossa,Simple,Cute,Yellow,Orange
SFkpDu8Bxgot4ShcP,Gonzo,Koala,Male,Cranky,Nature,13-Oct,Surfin' K.K.,Simple,Cool,Black,Green
5iSyoeFknLsoYManw,Goose,Chicken,Male,Jock,Fitness,4-Oct,K.K. Country,Simple,Active,Blue,White
D86CPtiT7ssiFexPE,Graham,Hamster,Male,Smug,Education,20-Jun,Bubblegum K.K.,Simple,Cool,Green,Orange
jKZuhKCACcaqpDCNQ,Greta,Mouse,Female,Snooty,Education,5-Sep,Comrade K.K.,Elegant,Simple,Pink,Purple
ePDrk4wsbfZAu4rA3,Grizzly,Bear,Male,Cranky,Education,31-Jul,K.K. Condor,Cool,Simple,Red,Black
QC3CiJqhhcm9WpAho,Groucho,Bear,Male,Cranky,Music,23-Oct,K.K. Metal,Cool,Simple,Black,Gray
oTGj76upYyWRcG34C,Gruff,Goat,Male,Cranky,Music,29-Aug,K.K. Rockabilly,Cool,Gorgeous,Purple,Black
jFBkwJJrXK4mJ2giR,Gwen,Penguin,Female,Snooty,Fashion,23-Jan,Drivin',Gorgeous,Elegant,Green,White
LA2HHrtZ6beHgmKpL,Hamlet,Hamster,Male,Jock,Play,30-May,K.K. Reggae,Simple,Active,Purple,Blue
bp3ns8FmZnYBL7CqD,Hamphrey,Hamster,Male,Cranky,Nature,25-Feb,Comrade K.K.,Cool,Simple,Gray,Beige
rAgKSRJPoazkBPS5d,Hans,Gorilla,Male,Smug,Fitness,5-Dec,K.K. Sonata,Elegant,Gorgeous,Gray,Blue
dtAkeJzvhPfGXH7pk,Harry,Hippo,Male,Cranky,Education,7-Jan,K.K. Rally,Cool,Simple,Green,Orange
PfTkvEmpjE2HR3SeD,Hazel,Squirrel,Female,Big Sister,Play,30-Aug,DJ K.K.,Active,Cute,Red,Yellow
RNats2ap2rGvbdcKn,Henry,Frog,Male,Smug,Music,21-Sep,K.K. Soul,Cool,Simple,Light blue,Blue
WjAPWpCx6bTjKiZjw,Hippeux,Hippo,Male,Smug,Education,15-Oct,K.K. Sonata,Elegant,Gorgeous,Brown,Green
EeTwHAQeWyShyg7pm,Hopkins,Rabbit,Male,Lazy,Nature,11-Mar,Pondering,Simple,Active,Blue,Yellow
FP3bdBM2RSjWTXYHK,Hopper,Penguin,Male,Cranky,Music,6-Apr,Comrade K.K.,Cool,Simple,Yellow,Red
KuDi35nStc6mtd3F8,Hornsby,Rhino,Male,Lazy,Nature,20-Mar,K.K. Lament,Simple,Simple,Green,Brown
KWx6zRZpPoaQy2PMD,Huck,Frog,Male,Smug,Fitness,9-Jul,To The Edge,Simple,Cool,Green,Yellow
Ko7gAjWQAY3PY5DLi,Hugh,Pig,Male,Lazy,Play,30-Dec,My Place,Simple,Active,Beige,Yellow
qZtYZEyzeZv2qhoJD,Iggly,Penguin,Male,Jock,Fitness,2-Nov,I Love You,Active,Simple,Red,Blue
BvhNkdNxf2kJue7kp,Ike,Bear,Male,Cranky,Nature,16-May,K.K. Rock,Cool,Cool,Green,Blue
HBYP4stJTe3eGEepn,Jacob,Bird,Male,Lazy,Nature,24-Aug,K.K. Song,Simple,Simple,Green,Red
sXDhuuCThhtuQRDAe,Jacques,Bird,Male,Smug,Music,22-Jun,K.K. Technopop,Cool,Simple,Green,Black
9bG8kLsEtaodApHoX,Jambette,Frog,Female,Normal,Fashion,27-Oct,K.K. Cruisin',Cool,Cool,Brown,Brown
zv7EfaEb2TnPwmQxe,Jay,Bird,Male,Jock,Fitness,17-Jul,K.K. Country,Active,Active,Blue,Light blue
Z9mmrgQ578rPeLdjp,Jeremiah,Frog,Male,Lazy,Play,8-Jul,Hypno K.K.,Simple,Simple,Orange,Yellow
TksYZm8hEYAeDWD2X,Jitters,Bird,Male,Jock,Fitness,2-Feb,K.K. Adventure,Active,Active,Yellow,Orange
EkpmSi299YR9BP96Y,Joey,Duck,Male,Lazy,Play,3-Jan,Marine Song 2001,Simple,Simple,Green,Blue
nEbMBNS4EztR8Ysxv,Judy,Cub,Female,Snooty,Music,10-Mar,K.K. Lullaby,Cute,Elegant,Pink,White
z8F5zPavZfhe6xqEi,Julia,Ostrich,Female,Snooty,Education,31-Jul,K.K. Sonata,Elegant,Gorgeous,Purple,Red
CqhXFKr8hdfYSYpRA,Julian,Horse,Male,Smug,Music,15-Mar,Space K.K.,Gorgeous,Cool,Purple,Blue
kYaqSE3C2y7EYSXfi,June,Cub,Female,Normal,Nature,21-May,K.K. Island,Cute,Simple,White,Red
d2DY8aRv5AfFtkneg,Kabuki,Cat,Male,Cranky,Music,29-Nov,K.K. Jongara,Simple,Simple,Purple,Red
6rE8fTRLqKCERS4dQ,Katt,Cat,Female,Big Sister,Music,27-Apr,K.K. Disco,Cool,Cool,Purple,Black
WRueK9fukhKgMrWZa,Keaton,Eagle,Male,Smug,Music,1-Jun,Drivin',Gorgeous,Cool,Blue,White
gQZ4xwZeRvqmswoGY,Ken,Chicken,Male,Smug,Education,23-Dec,K.K. Rally,Cool,Simple,Purple,Blue
CaQE3xJ4A7tgQXDMW,Ketchup,Duck,Female,Peppy,Play,27-Jul,Neapolitan,Cute,Cute,Light blue,White
fGznAwhaxGN66K38Q,Kevin,Pig,Male,Jock,Play,26-Apr,K.K. Rockabilly,Active,Simple,Black,Red
Jd6z54x98v4uJhubB,Kid Cat,Cat,Male,Jock,Fitness,1-Aug,Go K.K. Rider,Active,Simple,Red,Red
Pv4qNLnQ4NquvddfQ,Kidd,Goat,Male,Smug,Education,28-Jun,K.K. Tango,Elegant,Cool,Gray,White
QTwru2TFs99vCznLg,Kiki,Cat,Female,Normal,Education,8-Oct,Only Me,Simple,Simple,Brown,Beige
jjReK7y42rnNZmQe6,Kitt,Kangaroo,Female,Normal,Education,11-Oct,Stale Cupcakes,Elegant,Simple,Purple,Red
E6MnPthbMdNSvhHE5,Kitty,Cat,Female,Snooty,Fashion,15-Feb,K.K. Chorale,Elegant,Gorgeous,Green,Gray
cFgAWnZ4nhq7DfrN7,Klaus,Bear,Male,Smug,Education,31-Mar,K.K. Sonata,Simple,Simple,Gray,White
25GGGSHzwEnKmepJk,Knox,Chicken,Male,Cranky,Education,23-Nov,K.K. Chorale,Elegant,Gorgeous,Brown,Red
j9pPANZ9zsm6Mobh2,Kody,Cub,Male,Jock,Fitness,28-Sep,My Place,Active,Simple,Colorful,White
Q68JosFG2FvzG7QC3,Kyle,Wolf,Male,Smug,Music,6-Dec,K.K. Metal,Gorgeous,Cool,Black,White
bZqAHvDsp82Ptify8,Leonardo,Tiger,Male,Jock,Fitness,15-May,K.K. Metal,Active,Gorgeous,Red,Blue
nn3GdKz434cBryvyC,Leopold,Lion,Male,Smug,Education,14-Aug,Mr. K.K.,Elegant,Gorgeous,Purple,Green
CQG32Qp7hhepeaRbg,Lily,Frog,Female,Normal,Education,4-Feb,Farewell,Cute,Simple,White,Yellow
BnXXdXegMXE9HmZiy,Limberg,Mouse,Male,Cranky,Education,17-Oct,K.K. Folk,Simple,Cool,Green,Blue
EQYQEL4crTYEN9yJs,Lionel,Lion,Male,Smug,Music,29-Jul,K.K. Moody,Gorgeous,Active,Green,Gray
9QsHyDimk75LPvBsn,Lobo,Wolf,Male,Cranky,Education,5-Nov,K.K. Rock,Cool,Active,Black,Beige
ucvTsRXewrZsFj64Y,Lolly,Cat,Female,Normal,Music,27-Mar,Forest Life,Simple,Simple,Gray,Pink
wBJRdKXMHcPyHDPEj,Lopez,Deer,Male,Smug,Education,20-Aug,K.K. Jazz,Gorgeous,Gorgeous,Gray,Gray
emwaesnBa9EmWvW89,Louie,Gorilla,Male,Jock,Fitness,26-Mar,K.K. Fusion,Active,Simple,Gray,Red
se8G8LxivnMhgBiRE,Lucha,Bird,Male,Smug,Fitness,12-Dec,K.K. Western,Active,Cool,Black,Gray
WtvwKvChcpgZ4WcQB,Lucky,Dog,Male,Lazy,Play,4-Nov,K.K. Dirge,Simple,Simple,Beige,White
8FpMvE2W6YJtmTpiQ,Lucy,Pig,Female,Normal,Music,2-Jun,K.K. Sonata,Cute,Elegant,Pink,Red
cnByupc7McZQg8sNJ,Lyman,Koala,Male,Jock,Play,12-Oct,K.K. Safari,Simple,Active,Light blue,Yellow
bLyixhvrCHgBYzvoX,Mac,Dog,Male,Jock,Fitness,11-Nov,My Place,Active,Cool,Red,Black
ebHEDLT4WnnnPtDzK,Maddie,Dog,Female,Peppy,Play,11-Jan,K.K. Stroll,Simple,Cute,Purple,Pink
bHTDLovALeQz9PK4z,Maelle,Duck,Female,Snooty,Fashion,8-Apr,Café K.K.,Cool,Simple,Pink,White
ByLM9r2q7mRAMbgXs,Maggie,Pig,Female,Normal,Nature,3-Sep,Drivin',Cute,Elegant,Green,Yellow
jhXJGTWpk3ycr6kZC,Mallary,Duck,Female,Snooty,Fashion,17-Nov,K.K. Bossa,Cool,Gorgeous,Blue,White
xgPhy4TnDmnzSkZ6o,Maple,Cub,Female,Normal,Education,15-Jun,Forest Life,Simple,Cute,Beige,Green
63FsmgrS7QPpFvL3N,Marcel,Dog,Male,Lazy,Play,31-Dec,Comrade K.K.,Simple,Cool,Green,Blue
mSJuJRK54zTu3BkHr,Marcie,Kangaroo,Female,Normal,Nature,31-May,K.K. Aria,Cute,Elegant,Pink,Beige
rnFzZ3Z4gFAv6ouqG,Margie,Elephant,Female,Normal,Education,28-Jan,K.K. Marathon,Elegant,Cute,Pink,Red
BQCu2GxBFFTuigDAY,Marina,Octopus,Female,Normal,Music,26-Jun,Soulful K.K.,Cute,Cute,Pink,Red
ZZJJbE5zFrcDXfLEF,Marshal,Squirrel,Male,Smug,Music,29-Sep,K.K. Bossa,Elegant,Cool,Light blue,Blue
GSsfXWFSF3FEdbcjA,Mathilda,Kangaroo,Female,Snooty,Fitness,12-Nov,K.K. Chorale,Cool,Gorgeous,White,Red
tgsKz4BX3wxFRFrFZ,Megan,Bear,Female,Normal,Nature,13-Mar,Forest Life,Cute,Simple,Yellow,Light blue
sLBs68aveqtjT8HZJ,Melba,Koala,Female,Normal,Education,12-Apr,K.K. Stroll,Cute,Cute,White,Green
qxaecyD6f6aHuNZKK,Merengue,Rhino,Female,Normal,Nature,19-Mar,K.K. Ballad,Cute,Simple,White,Red
uhd4aEuBudwu9pM6E,Merry,Cat,Female,Peppy,Fashion,29-Jun,Neapolitan,Cute,Cute,Pink,Light blue
WSnecxx3DREYtZ3p3,Midge,Bird,Female,Normal,Education,12-Mar,K.K. Stroll,Cute,Simple,Pink,Pink
TgwEuBB4kt96EXAvt,Mint,Squirrel,Female,Snooty,Fashion,2-May,K.K. Soul,Gorgeous,Cute,Pink,Purple
ycquvbgfbCzktuLvn,Mira,Rabbit,Female,Big Sister,Fitness,6-Jul,Go K.K. Rider,Active,Cool,Red,Yellow
9AE7bEWmthdc7kZ4m,Miranda,Duck,Female,Snooty,Fashion,23-Apr,K.K. Sonata,Elegant,Gorgeous,Blue,Purple
4DpkbYXeoySwonvkS,Mitzi,Cat,Female,Normal,Education,25-Sep,K.K. Love Song,Simple,Simple,Brown,Beige
EYRuj39J5cS5eYuPD,Moe,Cat,Male,Lazy,Play,12-Jan,Two Days Ago,Active,Simple,Black,Gray
4RLK74MDFhcXAQeuL,Molly,Duck,Female,Normal,Nature,7-Mar,K.K. Ballad,Cute,Simple,Yellow,Pink
6rhSBCp2M4wcM9cRG,Monique,Cat,Female,Snooty,Fashion,30-Sep,K.K. Cruisin',Gorgeous,Elegant,Purple,Pink
AB2WWajw4nPsxsQ5h,Monty,Monkey,Male,Cranky,Education,7-Dec,To The Edge,Cool,Cool,Yellow,Gray
bqireWGDZg56QP8JF,Moose,Mouse,Male,Jock,Fitness,13-Sep,K.K. Rockabilly,Cool,Gorgeous,Purple,Red
upZ67GQyTzKPGCLm8,Mott,Lion,Male,Jock,Fitness,10-Jul,K.K. Fusion,Active,Elegant,Blue,Green
BMbfDZTTqMr8T4Jvt,Muffy,Sheep,Female,Big Sister,Music,14-Feb,K.K. Sonata,Gorgeous,Elegant,Black,Purple
Nw4ojqKpHxBQfEqqo,Murphy,Cub,Male,Cranky,Education,29-Dec,K.K. Safari,Simple,Cool,Blue,White
oGFWxL6p7g9Hq5LWK,Nan,Goat,Female,Normal,Nature,24-Aug,K.K. Étude,Simple,Elegant,Orange,Yellow
z95tvdzwWsxjXbpqP,Nana,Monkey,Female,Normal,Education,23-Aug,K.K. Ballad,Cute,Cute,Pink,White
3EXPYiDinngndhDng,Naomi,Cow,Female,Snooty,Fashion,28-Feb,K.K. Milonga,Elegant,Gorgeous,Colorful,Purple
h2nAg5RGkR7NEnSQq,Nate,Bear,Male,Lazy,Play,16-Aug,Forest Life,Simple,Simple,White,Green
Moh8bkfxWaxEa97mG,Nibbles,Squirrel,Female,Peppy,Fashion,19-Jul,K.K. Disco,Cute,Active,Red,Yellow
fwgBojtt5KTvk3TL5,Norma,Cow,Female,Normal,Nature,20-Sep,Mountain Song,Cute,Simple,White,Light blue
WDB4w6DdNpdhCvEuj,O'Hare,Rabbit,Male,Smug,Nature,24-Jul,K.K. Island,Active,Cool,Blue,Light blue
nLsc5geQY78JR7j4S,Octavian,Octopus,Male,Cranky,Play,20-Sep,K.K. D&B,Cool,Simple,Black,White
ar73BhCacgwhTNYnX,Olaf,Anteater,Male,Smug,Education,19-May,K.K. Milonga,Elegant,Gorgeous,Red,Black
7ZynzrsbeH5fMqvLu,Olive,Cub,Female,Normal,Nature,12-Jul,Neapolitan,Simple,Simple,Brown,Yellow
9TaBZpKSgb9nEWwtH,Olivia,Cat,Female,Snooty,Music,3-Feb,K.K. Sonata,Cool,Elegant,White,Black
FYopCfP6LEKMEAP7F,Opal,Elephant,Female,Snooty,Fashion,20-Jan,K.K. Cruisin',Elegant,Cool,Black,Orange
jn3GZEfXoGm3ahwd3,Ozzie,Koala,Male,Lazy,Play,7-May,Mr. K.K.,Simple,Cute,Yellow,Orange
bjvvbcuiiN9pYiZA9,Pancetti,Pig,Female,Snooty,Music,14-Nov,K.K. Cruisin',Cute,Gorgeous,Red,Yellow
dz29mEXmHc8mM3q7R,Pango,Anteater,Female,Peppy,Fashion,9-Nov,K.K. Oasis,Elegant,Cool,Orange,Purple
jH9AH2BeLRwtsFwHQ,Paolo,Elephant,Male,Lazy,Nature,5-May,To The Edge,Simple,Elegant,Gray,Light blue
miKjvBKFawhzBB8rW,Papi,Horse,Male,Lazy,Nature,10-Jan,Hypno K.K.,Simple,Simple,Orange,Light blue
hftL8Ep8ffr3PWTuE,Pashmina,Goat,Female,Big Sister,Music,26-Dec,K.K. Disco,Cool,Elegant,Red,Colorful
DHBvGmtvAKgcEQiLx,Pate,Duck,Female,Peppy,Fashion,23-Feb,K.K. Soul,Simple,Cute,Yellow,White
WwWCGiveKwyuntnBe,Patty,Cow,Female,Peppy,Fashion,10-May,K.K. Calypso,Simple,Cute,Orange,Red
mt4oJ6k5CJTCGJXAZ,Paula,Bear,Female,Big Sister,Fitness,22-Mar,K.K. Disco,Cute,Active,Orange,Green
SRuoS7z66df8wdynd,Peaches,Horse,Female,Normal,Education,28-Nov,Forest Life,Cute,Simple,Colorful,Light blue
ZcdcgJXwiH4rJg2JK,Peanut,Squirrel,Female,Peppy,Fashion,8-Jun,Forest Life,Cute,Cute,Red,Colorful
qJmNiqamwRRxHc4fY,Pecan,Squirrel,Female,Snooty,Fashion,10-Sep,K.K. Love Song,Elegant,Gorgeous,Purple,Beige
TC9QnMpcjfskBGzwB,Peck,Bird,Male,Jock,Play,25-Jul,My Place,Simple,Active,Beige,Red
HAeZAgW5pywjmCBeu,Peewee,Gorilla,Male,Cranky,Fitness,11-Sep,K.K. Rock,Active,Cool,Orange,Blue
YReGwLNQoegR9PhZx,Peggy,Pig,Female,Peppy,Fashion,23-May,K.K. Bossa,Cute,Active,Blue,Red
QvWvWxjFtNLCnZES5,Pekoe,Cub,Female,Normal,Nature,18-May,Imperial K.K.,Elegant,Cute,Red,Beige
L9mYm8tvKg32G85cv,Penelope,Mouse,Female,Peppy,Fashion,5-Feb,Bubblegum K.K.,Cute,Gorgeous,Pink,Red
rCHTjrbTz7pejGT8J,Phil,Ostrich,Male,Smug,Music,27-Nov,K.K. Moody,Elegant,Cool,Green,Red
HYJxoDdCoLS7uPdz9,Phoebe,Ostrich,Female,Big Sister,Fitness,22-Apr,K.K. Flamenco,Gorgeous,Cool,Black,Red
aavqm5o5TcTxgrBs6,Pierce,Eagle,Male,Jock,Fitness,8-Jan,K.K. Gumbo,Elegant,Active,Orange,Yellow
fLBrHLToMTBrc5Was,Pietro,Sheep,Male,Smug,Music,19-Apr,K.K. Parade,Gorgeous,Simple,Colorful,Red
CLQDMiLJYw9de8t7c,Pinky,Bear,Female,Peppy,Fashion,9-Sep,Imperial K.K.,Cute,Simple,Red,Pink
B9nGDw29C3MeZeiob,Piper,Bird,Female,Peppy,Play,18-Apr,K.K. Synth,Elegant,Gorgeous,Black,White
zRveogN878Fugd5ga,Pippy,Rabbit,Female,Peppy,Fashion,14-Jun,Drivin',Cute,Simple,Green,Brown
8v54MppXDZwDS2viK,Plucky,Chicken,Female,Big Sister,Play,12-Oct,K.K. Island,Cool,Simple,Light blue,Yellow
D4EfZuiFQqxXAaxa5,Pompom,Duck,Female,Peppy,Music,11-Feb,K.K. Soul,Cute,Simple,Pink,Light blue
2yyqShsyFuek2xsPq,Poncho,Cub,Male,Jock,Fitness,2-Jan,K.K. Blues,Simple,Simple,Orange,Yellow
NaP65qNMvxYTzTXrs,Poppy,Squirrel,Female,Normal,Education,5-Aug,Forest Life,Cute,Elegant,Green,Yellow
XAP6AcqdXDufCkTAd,Portia,Dog,Female,Snooty,Fashion,25-Oct,K.K. Disco,Elegant,Gorgeous,Purple,Black
3YQrrLRvCYt62wMLi,Prince,Frog,Male,Lazy,Play,21-Jul,Only Me,Simple,Active,Yellow,White
qnejmf3Q7jvCoBvw7,Puck,Penguin,Male,Lazy,Fitness,21-Feb,K.K. March,Active,Simple,Blue,Red
TuEiYBT2nG3qNT2RX,Puddles,Frog,Female,Peppy,Fashion,13-Jan,K.K. Disco,Cute,Gorgeous,Green,Pink
QGD2qdJ8oyu4SS7To,Pudge,Cub,Male,Lazy,Play,11-Jun,K.K. Stroll,Simple,Simple,Green,Blue
Q8Qds8CMWMnXTGbqf,Punchy,Cat,Male,Lazy,Play,11-Apr,Forest Life,Simple,Simple,Blue,Light blue
ZgpbeQ6LW63qq2yok,Purrl,Cat,Female,Snooty,Fashion,29-May,K.K. Chorale,Cool,Elegant,Gray,Blue
4vYPTrcRBimNwXmcC,Queenie,Ostrich,Female,Snooty,Fashion,13-Nov,K.K. Gumbo,Gorgeous,Elegant,Black,Gray
tdfJ4MAeE2pKDxxNd,Quillson,Duck,Male,Smug,Music,22-Dec,K.K. Groove,Elegant,Cool,Beige,Orange
Xi6NDcp6NptRB9WDz,Raddle,Frog,Male,Lazy,Nature,6-Jun,Mr. K.K.,Elegant,Simple,White,Gray
vhd6ReEt63uAnpYsq,Rasher,Pig,Male,Cranky,Music,7-Apr,K.K. Rockabilly,Cool,Simple,Blue,Black
2nbzgWsuDBSN2LeEj,Raymond,Cat,Male,Smug,Nature,1-Oct,K.K. Cruisin',Elegant,Cool,Black,Gray
ZyeqzXyxABEFXsS5c,Renée,Rhino,Female,Big Sister,Music,28-May,Surfin' K.K.,Cool,Active,Purple,Yellow
4rRW9HkPYfAWBQvWC,Reneigh,Horse,Female,Big Sister,Play,4-Jun,K.K. Synth,Cool,Gorgeous,Black,Purple
umQmbALHn7dbiMrYL,Rex,Lion,Male,Lazy,Nature,24-Jul,Wandering,Simple,Cute,Blue,Light blue
BjYi6hQsSg6sQcxhm,Rhonda,Rhino,Female,Normal,Music,24-Jan,K.K. Ballad,Elegant,Gorgeous,Purple,Black
vg2BFTmhyyhbiHtbC,Ribbot,Frog,Male,Jock,Fitness,13-Feb,K.K. Technopop,Simple,Active,Blue,Light blue
g5JArfBAeNAXb8rFX,Ricky,Squirrel,Male,Cranky,Education,14-Sep,K.K. Safari,Cool,Simple,Blue,Red
vmbvXTtjpswNLkcpi,Rizzo,Mouse,Male,Cranky,Education,17-Jan,K.K. Folk,Simple,Cool,Black,Gray
kxpZTdDuacHxQA3An,Roald,Penguin,Male,Jock,Fitness,5-Jan,K.K. March,Active,Simple,Red,Yellow
xK49Rcb2Lnm5P4aLM,Robin,Bird,Female,Snooty,Fashion,4-Dec,K.K. Cruisin',Elegant,Cool,Light blue,Purple
vfET6L7B9ruRApyMb,Rocco,Hippo,Male,Cranky,Education,18-Aug,K.K. Lament,Simple,Cool,Yellow,Black
eJNBB5SYzfj5DaWjx,Rocket,Gorilla,Female,Big Sister,Fitness,14-Apr,K.K. Adventure,Active,Cool,Pink,Red
ezLuGMubv35hSamPr,Rod,Mouse,Male,Jock,Fitness,14-Aug,K.K. March,Active,Cool,Blue,Light blue
QNT5F2pjZixKpiD4D,Rodeo,Bull,Male,Lazy,Fitness,29-Oct,K.K. Technopop,Simple,Cool,Black,Red
AnFmctYx65LkTaFGu,Rodney,Hamster,Male,Smug,Music,10-Nov,K.K. Rockabilly,Gorgeous,Cool,Pink,Colorful
MA2wxkE7cEyD4f4hz,Rolf,Tiger,Male,Cranky,Fitness,22-Aug,K.K. Condor,Cool,Active,Blue,Black
9wnSweJyqfd4izW4M,Rooney,Kangaroo,Male,Cranky,Fitness,1-Dec,K.K. Adventure,Active,Active,Gray,Black
hAfSborD4JtyNGFd6,Rory,Lion,Male,Jock,Music,7-Aug,K.K. Faire,Simple,Active,Blue,Red
RKAg95c8nosL8fNec,Roscoe,Horse,Male,Cranky,Music,16-Jun,K.K. D&B,Cool,Gorgeous,Black,Gray
NTwyXi4RAX4EKTcW6,Rosie,Cat,Female,Peppy,Music,27-Feb,Bubblegum K.K.,Cute,Cute,Pink,Red
WqtXZv8CLheckbHoF,Rowan,Tiger,Male,Jock,Fitness,26-Aug,Surfin' K.K.,Active,Simple,Light blue,Gray
rjbSmp6a8PdsEw9BM,Ruby,Rabbit,Female,Peppy,Nature,25-Dec,Stale Cupcakes,Cute,Active,Light blue,Pink
TqXTvnySgEac3iEt7,Rudy,Cat,Male,Jock,Play,20-Dec,K.K. Blues,Active,Simple,Yellow,Beige
jtXMvWWbQ9qN2iw7S,Sally,Squirrel,Female,Normal,Music,19-Jun,Only Me,Simple,Elegant,White,Beige
XFzdPqYwq4n98EpuF,Samson,Mouse,Male,Jock,Fitness,5-Jul,Rockin' K.K.,Simple,Active,Red,Yellow
6t3MfdfbyRKwjgNPd,Sandy,Ostrich,Female,Normal,Nature,21-Oct,K.K. Soul,Simple,Cool,Light blue,White
Mquwz8gbb3EEmazyF,Savannah,Horse,Female,Normal,Music,25-Jan,Forest Life,Cool,Simple,Light blue,Blue
wanb7GiQ9fe6puXe8,Scoot,Duck,Male,Jock,Fitness,13-Jun,My Place,Active,Simple,Beige,Blue
sR4EndxJk6uqcQKxB,Shari,Monkey,Female,Big Sister,Music,10-Apr,K.K. Cruisin',Cute,Active,Light blue,Yellow
KQG9B6Yp57KhnDiZ9,Sheldon,Squirrel,Male,Jock,Play,26-Feb,K.K. Country,Active,Cool,Green,Yellow
P4FqMoZg2EJQ6EzAb,Shep,Dog,Male,Smug,Education,24-Nov,K.K. Swing,Simple,Cool,Light blue,Blue
XaaDkAfHynrEY2YS4,Sherb,Goat,Male,Lazy,Nature,18-Jan,Hypno K.K.,Simple,Cute,Gray,Blue
mTk2qZXe4XwP3WzNT,Simon,Monkey,Male,Lazy,Play,19-Jan,K.K. Safari,Simple,Active,Red,Colorful
y8Mi2cSB26qfaxCa3,Skye,Wolf,Female,Normal,Music,24-Mar,Forest Life,Cute,Cute,Blue,White
GbXz3ZAtzig3qyKd5,Sly,Alligator,Male,Jock,Play,15-Nov,K.K. Safari,Cool,Simple,Brown,Green
LZcGjneEs8xmxNE3q,Snake,Rabbit,Male,Jock,Fitness,3-Nov,King K.K.,Active,Simple,Black,Blue
hZmkhmRhK7xgM6BhP,Snooty,Anteater,Female,Snooty,Education,24-Oct,K.K. Folk,Simple,Simple,Green,Yellow
EzZzup4KP8t2FvL8f,Soleil,Hamster,Female,Snooty,Education,9-Aug,K.K. Oasis,Cool,Gorgeous,Red,Yellow
kyF7bCcryEzaErcTJ,Sparro,Bird,Male,Jock,Play,20-Nov,I Love You,Active,Simple,Green,Gray
e8bJbKYBcretqhbuR,Spike,Rhino,Male,Cranky,Nature,17-Jun,K.K. House,Cool,Gorgeous,Black,Gray
NeqP5jCsuLugbA2PW,Spork,Pig,Male,Lazy,Play,3-Sep,Forest Life,Simple,Active,Green,Colorful
5ffTHHjgjsXGAcsb3,Sprinkle,Penguin,Female,Peppy,Play,20-Feb,K.K. Marathon,Cute,Elegant,Light blue,White
mFq536yZgoy7zEbKd,Sprocket,Ostrich,Male,Jock,Music,1-Dec,K.K. Metal,Simple,Active,Orange,Green
vqPjvoChWTNpj2t6E,Static,Squirrel,Male,Cranky,Music,9-Jul,Surfin' K.K.,Cool,Active,Black,Yellow
PnrARfxc8picdtvL8,Stella,Sheep,Female,Normal,Nature,9-Apr,Only Me,Simple,Simple,Yellow,Beige
u7tJskupjfv3Ejedt,Sterling,Eagle,Male,Jock,Fitness,11-Dec,K.K. Dirge,Simple,Elegant,Blue,Red
daE2wDXCWHDJZBkD4,Stinky,Cat,Male,Jock,Fitness,17-Aug,K.K. Flamenco,Active,Simple,Red,Blue
SfGuc8givs3kR8kvM,Stitches,Cub,Male,Lazy,Play,10-Feb,I Love You,Simple,Cute,Colorful,White
rcPtvvvscvkEWG7AF,Stu,Bull,Male,Lazy,Nature,20-Apr,K.K. Rockabilly,Simple,Simple,Brown,Beige
crrWmmqsC9RfmZNCS,Sydney,Koala,Female,Normal,Music,21-Jun,Drivin',Cute,Simple,Beige,Yellow
MBkrN9pXkoACmfPdE,Sylvana,Squirrel,Female,Normal,Nature,22-Oct,Spring Blossoms,Cute,Simple,Green,Purple
PZsBTkeYBg5ACE5xB,Sylvia,Kangaroo,Female,Big Sister,Music,3-May,DJ K.K.,Simple,Gorgeous,Yellow,Green
QLPX4QqjhiPwCLcko,T-Bone,Bull,Male,Cranky,Education,20-May,K.K. Steppe,Cool,Simple,Blue,Black
P3ouRnR3NRSch3LaC,Tabby,Cat,Female,Peppy,Music,13-Aug,DJ K.K.,Active,Cool,Black,Gray
v74Hs9XT2zRC6gDjE,Tad,Frog,Male,Jock,Play,3-Aug,Wandering,Active,Simple,Yellow,Colorful
vYWvCyge46SGeHfHH,Tammi,Monkey,Female,Peppy,Fashion,2-Apr,Imperial K.K.,Cute,Active,Purple,Green
vw7ussv29jkjDdnJ7,Tammy,Cub,Female,Big Sister,Play,23-Jun,DJ K.K.,Cool,Active,Red,Purple
eeMEC83wHWmKuHNvh,Tangy,Cat,Female,Peppy,Music,17-Jun,I Love You,Simple,Cute,Green,Yellow
tq4TfLyNJx7un4h2m,Tank,Rhino,Male,Jock,Fitness,6-May,K.K. Lament,Active,Simple,Red,Green
i3FzxyjfuBzy7Fnv3,Tasha,Squirrel,Female,Snooty,Fitness,30-Nov,K.K. Synth,Elegant,Gorgeous,Beige,Gray
JhB2GSBmZCpaqRGDv,Teddy,Bear,Male,Jock,Fitness,26-Sep,Mr. K.K.,Simple,Simple,Yellow,Orange
99QcysqkrEZ7ycBWs,Tex,Penguin,Male,Smug,Music,6-Oct,K.K. D&B,Cool,Elegant,Black,Gray
2SK8tjSB8JvYLgPn9,Tia,Elephant,Female,Normal,Nature,18-Nov,K.K. Bossa,Cute,Elegant,Black,White
yhaDSkcEFYP6urwjN,Tiffany,Rabbit,Female,Snooty,Fashion,9-Jan,K.K. Ragtime,Gorgeous,Cool,Black,Red
yafB94xabfKKPPNSp,Timbra,Sheep,Female,Snooty,Education,21-Oct,K.K. Love Song,Elegant,Gorgeous,Green,Brown
ZWevBdWKRpz7DC7B4,Tipper,Cow,Female,Snooty,Fashion,25-Aug,Soulful K.K.,Gorgeous,Cute,Colorful,Pink
2vHKegY3XyX2DBc6G,Tom,Cat,Male,Cranky,Education,10-Dec,K.K. Rock,Cool,Simple,Black,Gray
3oNZnyk4zv3zJD2m5,Truffles,Pig,Female,Peppy,Fashion,28-Jul,Neapolitan,Cute,Gorgeous,Green,Red
96HCsK6H2c7J2ARMa,Tucker,Elephant,Male,Lazy,Nature,7-Sep,K.K. Safari,Active,Simple,Yellow,Orange
HqboYio5a8bRbKtcL,Tutu,Bear,Female,Peppy,Fashion,15-Sep,Bubblegum K.K.,Cute,Simple,Pink,Red
P6sD4cQvXFHHvNcz8,Twiggy,Bird,Female,Peppy,Fashion,13-Jul,Bubblegum K.K.,Simple,Cute,Pink,Blue
Q49mH4FY3BrgFDoyN,Tybalt,Tiger,Male,Jock,Play,19-Aug,K.K. Groove,Active,Simple,Blue,Purple
zodRh39TrqXPbGW49,Ursala,Bear,Female,Big Sister,Music,16-Jan,Café K.K.,Simple,Cute,Red,Orange
PkAYXk745ZHBE69a9,Velma,Goat,Female,Snooty,Education,14-Jan,Mr. K.K.,Elegant,Gorgeous,Light blue,Purple
pkzxW9Pmtd39TMdDH,Vesta,Sheep,Female,Normal,Fashion,16-Apr,Forest Life,Simple,Cute,Orange,Red
9ouwtyzDNP65WJv77,Vic,Bull,Male,Cranky,Fitness,29-Dec,K.K. March,Cool,Active,Light blue,Blue
R5zfwZxyxaa6gue4d,Victoria,Horse,Female,Peppy,Fitness,11-Jul,K.K. Adventure,Active,Simple,Yellow,Orange
z7N6aubfytXa7Z4Me,Violet,Gorilla,Female,Snooty,Fitness,1-Sep,K.K. Bazaar,Gorgeous,Cool,Purple,Pink
tWyG3bE5fwvNNGpWM,Vivian,Wolf,Female,Snooty,Education,26-Jan,K.K. Cruisin',Gorgeous,Elegant,Gray,Purple
Eskwc34f2x6Qx6ZNT,Vladimir,Cub,Male,Cranky,Play,2-Aug,Agent K.K.,Simple,Cool,Yellow,Colorful
cy2hRtipGaiHEBPd8,Wade,Penguin,Male,Lazy,Nature,30-Oct,Stale Cupcakes,Simple,Gorgeous,Light blue,Blue
rh6PGwW3Lg6EFcfo6,Walker,Dog,Male,Lazy,Play,10-Jun,Two Days Ago,Simple,Simple,Orange,Red
wN36ADi7MxiLNJ3Eu,Walt,Kangaroo,Male,Cranky,Fitness,24-Apr,K.K. Lament,Cool,Cool,Black,Gray
HCbj4RPsBexGWd2Sy,Wart Jr.,Frog,Male,Cranky,Education,21-Aug,Steep Hill,Simple,Simple,Blue,Purple
QrbKSTR4H9tFKBofW,Weber,Duck,Male,Lazy,Nature,30-Jun,K.K. Fusion,Cool,Simple,Blue,Black
YyW9WdsWe6EgMF4Mq,Wendy,Sheep,Female,Peppy,Fashion,15-Aug,Space K.K.,Cool,Gorgeous,Red,Green
KbixDxCFpoWTimarv,Whitney,Wolf,Female,Snooty,Fashion,17-Sep,K.K. Soul,Elegant,Cool,Blue,Light blue
HT58xc2w7ootdCRWb,Willow,Sheep,Female,Snooty,Fashion,26-Nov,K.K. Soul,Cute,Gorgeous,White,Pink
b4HwfyvThyipScSAv,Winnie,Horse,Female,Peppy,Fashion,31-Jan,K.K. Country,Cool,Simple,White,Gray
RbF2wcn6jRxtgLDRd,Wolfgang,Wolf,Male,Cranky,Education,25-Nov,K.K. D&B,Cool,Active,Black,Green
QDcxk3dCNT6yeD9hk,Yuka,Koala,Female,Snooty,Fashion,20-Jul,Soulful K.K.,Cool,Elegant,Orange,Yellow
LodBWtdMRZbjFNga9,Zell,Deer,Male,Smug,Music,7-Jun,K.K. Swing,Cool,Gorgeous,Purple,Gray
2F5tipHqgmWvWXTLC,Zucker,Octopus,Male,Lazy,Nature,8-Mar,Spring Blossoms,Simple,Cute,Blue,Yellow
